Mountain,Max_Elevation,Area,Ruggedness_Mean,Ruggedness_SD,State,Country,Rodent_Specimens_Georeferenced_Last_Year_of_Collection,Rodent_Specimens_Georeferenced,Rodent_Specimens_Georeferenced_per_km,Rodent_Specimens_Nongeoreferenced,Shrew_Specimens_Georeferenced_Last_Year_of_Collection,Shrew_Specimens_Georeferenced,Shrew_Specimens_Georeferenced_per_km,Shrew_Specimens_Nongeoreferenced,Bat_Specimens_Georeferenced_Last_Year_of_Collection,Bat_Specimens_Georeferenced,Bat_Specimens_Georeferenced_per_km,Bat_Specimens_Nongeoreferenced,All_Specimens_Georeferenced,All_Specimens_Georeferened_per_km,All_Specimens_Nongeoreferenced,Oak_Woodland_Area,Pine_Oak_Area,Pine_Forest_Area,Mixed_Conifer_Area,Limber_Alpine_Forest_Area
Alamo Hueco,2090,89.17077707,4.522957418,0.9133699544,NM,USA,1957,10,0.1121,106,No_record,0,0,0,1964,92,1.0317,69,102,1.143872503,175,74.35409346,14.81668361,0,0,0
Animas,2598,739.7703856,4.185908657,0.9793307522,"NM, CH","Mexico, USA",2008,722,0.976,269,1981,5,0.0068,24,2004,217,0.2933,29,944,1.276071628,322,507.874707,211.3906988,20.244656,0.2603237,0
Atascosa,1948,11.09441205,4.571072534,1.057402942,AZ,USA,No_record,0,0,0,No_record,0,0,0,No_record,0,0,0,0,0,0,10.19389885,0.900513204,0,0,0
Baboquivari,2262,69.59438378,4.708376482,0.9017555986,AZ,USA,1966,4,0.0575,88,No_record,0,0,0,1961,1,0.0144,4,5,0.071844878,92,53.32264355,16.24585491,0.025885325,0,0
Big Hatchet,2542,109.3229038,4.718467962,0.8100811102,NM,USA,2002,10,0.0915,115,No_record,0,0,0,No_record,0,0,17,10,0.09147214,132,74.36305144,31.5077742,3.452078211,0,0
Canelo Hills,1968,416.0869068,3.758408527,0.9336211701,"AZ, SO","Mexico, USA",1980,15,0.0361,0,1997,1,0.0024,0,1989,2,0.0048,0,18,0.043260193,0,402.9469901,13.13991664,0,0,0
Cerro Bacoachi,1707,3.791896553,4.350736947,0.8196873892,SO,Mexico,No_record,0,0,0,No_record,0,0,0,No_record,0,0,0,0,0,0,3.791896553,0,0,0,0
Cerro Bellotal,1942,35.63207975,4.779310147,0.5602283838,SO,Mexico,No_record,0,0,0,No_record,0,0,0,No_record,0,0,0,0,0,0,33.47001671,2.162063037,0,0,0
Chiricahua,2990,1769.870246,4.629619107,0.7466116166,AZ,USA,2009,2249,1.2707,1093,2003,63,0.0356,32,2009,808,0.4565,174,3120,1.762841093,1299,793.2483514,742.3246907,177.6687437,56.62846044,0
Dos Cabezas,2485,218.9945515,4.662199891,0.6902471922,AZ,USA,1987,3,0.0137,24,No_record,0,0,0,1962,1,0.0046,20,4,0.018265295,44,127.3721335,82.91014099,8.712276986,0,0
Dragoon,2275,252.4021687,4.458203908,0.8418525071,AZ,USA,1976,12,0.0475,7,No_record,0,0,0,No_record,0,0,0,12,0.047543173,7,170.5266441,81.24973873,0.62578585,0,0
Galiuro,2322,501.5656149,4.813011981,0.5277436659,AZ,USA,1973,36,0.0718,3,No_record,0,0,0,No_record,0,0,0,36,0.071775255,3,290.1500806,207.5355485,3.879985785,0,0
Huachuca,2875,357.8396604,4.805701888,0.5942075225,"AZ, SO","Mexico, USA",1997,940,2.6269,683,1997,61,0.1705,16,2010,339,0.9474,32,1340,3.744693918,731,105.8808213,185.6036942,58.14469186,8.2104531,0
Little Dragoon,2037,39.81184637,4.574917666,0.8990066331,AZ,USA,No_record,0,0,0,No_record,0,0,0,No_record,0,0,0,0,0,0,31.69977121,8.112075164,0,0,0
Little Hatchet,2017,35.46806647,4.422595437,1.040515659,NM,USA,1973,6,0.1692,0,No_record,0,0,0,1964,2,0.0564,0,8,0.225555008,0,32.12539663,3.342669845,0,0,0
Mule,2241,265.5599088,4.639473631,0.7998767565,AZ,USA,1929,2,0.0075,1,1969,1,0.0038,0,1983,1,0.0038,0,4,0.015062515,1,179.7470861,85.53501342,0.277809282,0,0
Pajarito,1800,8.894615124,4.176851115,1.252812742,"AZ, SO","Mexico, USA",No_record,0,0,7,No_record,0,0,0,No_record,0,0,0,0,0,7,8.894615124,0,0,0,0
Patagonia,2200,201.4273971,4.357506409,0.9521397552,"AZ, SO","Mexico, USA",1984,79,0.3922,21,No_record,0,0,0,1970,16,0.0794,5,95,0.471633955,26,159.8849884,41.54240875,0,0,0
Peloncillo Central,1982,38.11015906,4.559183782,0.964681977,"AZ, NM  ",USA,No_record,0,0,0,No_record,0,0,0,No_record,0,0,0,0,0,0,33.61502761,4.495131457,0,0,0
Peloncillo North,1887,40.29625135,4.570675453,0.949900401,AZ,USA,No_record,0,0,0,No_record,0,0,0,No_record,0,0,0,0,0,0,37.16180856,3.134442794,0,0,0
Peloncillo South,2095,903.5515365,4.03659988,1.02851525,"AZ, NM, SO",USA,2010,349,0.3863,12,1957,2,0.0022,0,1978,236,0.2612,2,587,0.649658571,14,800.3794461,103.1720904,0,0,0
Pinal,2392,144.3625977,4.723349191,0.7190655018,AZ,"Mexico, USA",1969,154,1.0668,11,No_record,0,0,0,1968,2,0.0139,0,156,1.080612309,11,76.87961838,60.12888902,7.354090255,0,0
Pinalenos,3267,747.1962922,4.805848988,0.7019408105,AZ,USA,2008,1217,1.6288,204,1992,29,0.0388,6,1961,35,0.0468,9,1281,1.714408936,219,264.6971096,263.5660563,115.1280693,57.69960223,13.07461347
Rincon,2646,264.097677,4.707938174,0.6864771613,AZ,USA,2001,133,0.5036,100,2001,5,0.0189,0,2002,30,0.1136,3,168,0.636128276,103,112.786568,118.9068044,30.01217673,2.392127779,0
San Luis,2515,1722.444152,4.603798213,0.7577501562,"SO, NM, CH",Mexico,1978,96,0.0557,53,No_record,0,0,1,1974,54,0.0314,1,150,0.087085552,55,745.4431613,929.6536778,47.3473127,0,0
Santa Catalina,2806,414.7776996,4.841119314,0.6359594545,AZ,USA,2023,801,1.9312,241,2022,11,0.0265,3,2011,78,0.1881,38,890,2.145727701,282,145.3405174,188.975284,72.85256561,7.609332602,0
Santa Rita,2869,341.7694028,4.557107962,0.8796930453,AZ,USA,2003,320,0.9363,257,No_record,0,0,21,1976,136,0.3979,50,456,1.334232955,328,201.2753701,114.2243992,22.71515604,3.55447733,0
Santa Teresa,2497,327.7559798,4.767212981,0.5686766848,AZ,USA,1973,2,0.0061,0,No_record,0,0,0,1958,2,0.0061,0,4,0.012204201,0,185.9537443,136.5166198,5.28561576,0,0
Sierra Aconchi,2190,37.42659921,4.705106583,0.7736549836,SO,Mexico,No_record,0,0,0,No_record,0,0,0,No_record,0,0,0,0,0,0,25.6247053,11.80189391,0,0,0
Sierra Avispas,1746,5.387548255,4.277433406,1.193926264,SO,Mexico,No_record,0,0,0,No_record,0,0,0,No_record,0,0,0,0,0,0,5.387548255,0,0,0,0
Sierra Azul,2452,296.5449343,4.54454303,0.8656374417,SO,Mexico,No_record,0,0,1,No_record,0,0,0,No_record,0,0,0,0,0,1,242.6537568,51.50466359,2.386513971,0,0
Sierra Buenos Aires,2474,94.69515322,4.674168678,0.7894687436,SO,Mexico,No_record,0,0,0,No_record,0,0,0,No_record,0,0,0,0,0,0,59.72095701,30.05762855,4.916567659,0,0
Sierra Chivato,2195,192.4263192,4.204527211,1.020414131,SO,Mexico,No_record,0,0,0,No_record,0,0,0,No_record,0,0,0,0,0,0,162.3065626,30.11975659,0,0,0
Sierra Cibuta,2079,43.71594419,4.660472148,0.8744885025,SO,Mexico,No_record,0,0,0,No_record,0,0,0,No_record,0,0,0,0,0,0,36.72982061,6.986123578,0,0,0
Sierra de Embudos,1921,24.3085781,4.617445959,0.8626770617,SO,Mexico,No_record,0,0,0,No_record,0,0,0,No_record,0,0,0,0,0,0,21.25206398,3.056514123,0,0,0
Sierra de los Ajos,2616,719.6368287,4.556359324,0.816164764,SO,Mexico,1965,8,0.0111,0,No_record,0,0,0,1958,81,0.1126,0,89,0.123673493,0,415.0769743,275.5842854,28.70709095,0.268477974,0
Sierra de Oposura,2345,133.7911075,4.753562428,0.7212117795,SO,Mexico,No_record,0,0,55,No_record,0,0,0,No_record,0,0,0,0,0,55,78.54770871,51.70833286,3.535065895,0,0
Sierra El Jacaral,1908,28.69531495,4.518869187,1.02262557,SO,Mexico,No_record,0,0,0,No_record,0,0,0,No_record,0,0,0,0,0,0,27.02966165,1.665653294,0,0,0
Sierra El Manzanal,1919,37.42225754,4.317575286,1.096488561,SO,Mexico,No_record,0,0,0,No_record,0,0,0,No_record,0,0,0,0,0,0,35.48411059,1.938146949,0,0,0
Sierra El Pinito East,2264,52.23596534,4.578798153,0.9597039245,SO,Mexico,No_record,0,0,0,No_record,0,0,0,No_record,0,0,0,0,0,0,37.64504961,14.36068432,0.230231412,0,0
Sierra El Pinito West,2230,224.7986981,4.759826228,0.7256425451,SO,Mexico,No_record,0,0,0,No_record,0,0,0,No_record,0,0,0,0,0,0,148.5882059,76.1357552,0.074736947,0,0
Sierra La Ceniza,1822,13.61247395,4.430535351,1.015899972,SO,Mexico,No_record,0,0,0,No_record,0,0,0,No_record,0,0,0,0,0,0,13.5800952,0.032378752,0,0,0
Sierra La Madera,2044,38.22389673,4.717996038,0.7843541702,SO,Mexico,No_record,0,0,0,No_record,0,0,0,No_record,0,0,0,0,0,0,27.13805664,11.08584009,0,0,0
Sierra La Mariquita,2500,239.5040858,4.33604,0.9661371998,SO,Mexico,2008,9,0.0376,0,No_record,0,0,0,1958,1,0.0042,0,10,0.041752941,0,146.6964753,80.5582176,12.2493929,0,0
Sierra La Sandia,2179,137.0391498,4.573415581,0.8879425445,SO,Mexico,No_record,0,0,0,No_record,0,0,0,No_record,0,0,0,0,0,0,110.1507141,26.88843574,0,0,0
Sierra Las Guijas,1823,4.105877428,4.44764933,1.089737311,SO,Mexico,No_record,0,0,0,No_record,0,0,0,No_record,0,0,0,0,0,0,3.982624072,0.123253356,0,0,0
Sierra Purica,1925,11.49689778,4.655740504,0.9305642165,SO,Mexico,No_record,0,0,0,No_record,0,0,0,No_record,0,0,0,0,0,0,10.26212366,1.234774124,0,0,0
Sierra San Antonio,2213,112.3930642,4.665714129,0.8336212483,SO,Mexico,No_record,0,0,2,No_record,0,0,0,No_record,0,0,0,0,0,2,84.40300142,27.97788641,0.01217633,0,0
Sierra San Jose,2539,123.2431982,4.149485122,1.065850382,SO,Mexico,No_record,0,0,31,No_record,0,0,0,No_record,0,0,1,0,0,32,87.69519637,31.69078905,3.857212819,0,0
Sierrita,1887,24.11598572,4.578603546,0.9156744199,AZ,USA,No_record,0,0,5,No_record,0,0,0,No_record,0,0,0,0,0,5,22.71157559,1.404410134,0,0,0
Superstition,1902,43.27504824,4.376799603,1.027955974,AZ,USA,No_record,0,0,0,No_record,0,0,0,No_record,0,0,0,0,0,0,42.06656797,1.208480264,0,0,0
Swisshelm,2181,83.44511826,4.327372183,0.97200145,AZ,USA,No_record,0,0,0,No_record,0,0,0,No_record,0,0,0,0,0,0,65.62773077,17.81738749,0,0,0
Whetstone,2331,183.1008834,4.605754792,0.8273248619,AZ,USA,1968,24,0.1311,0,No_record,0,0,0,1967,1,0.0055,0,25,0.136536753,0,111.8369798,69.6814851,1.582418526,0,0
Winchester,2315,234.282109,4.52208813,0.8857550156,AZ,USA,1973,26,0.111,0,No_record,0,0,0,No_record,0,0,0,26,0.110977318,0,156.4508848,76.41158631,1.41963791,0,0